habitat,prey_type,contribution,std.error
littoral,Cladocera,18.116666666666667,0.8673220132957972
littoral,Copepoda,6.775,0.5196334663913973
littoral,Fish,20.083333333333332,1.7029312221797883
littoral,Macroinvertebrate,55.025,2.2744338289834336
pelagic,Cladocera,37.11272727272728,0.7892973243964261
pelagic,Copepoda,30.416363636363634,0.6775960857795211
pelagic,Fish,19.472727272727273,0.4138954677434257
pelagic,Macroinvertebrate,12.996363636363636,0.2980742189044747
